{
  "anthropic/claude-sonnet-4.5(CoT)": {
    "fitness": -1.0,
    "final_population": 4.118499296030183e-44
  },
  "google/gemini-3-flash-preview(CoT)": {
    "fitness": -0.8626179246069822,
    "final_population": 5.051784945927127e-38
  },
  "google/gemini-3-flash-preview(IO)": {
    "fitness": -0.8626179246069822,
    "final_population": 1.3658290579697665e-38
  },
  "openai/gpt-4o-2024-05-13(CoT)": {
    "fitness": -2.8732301443153625e-32,
    "final_population": 0.13738207539301783
  },
  "openai/gpt-5.2(CoT)": {
    "fitness": 2.8732365619376034e-32,
    "final_population": 0.8626179246069822
  },
  "qwen/qwen3-30b-a3b-instruct-2507(CoT)": {
    "fitness": -0.7252358492139643,
    "final_population": 2.873230144319481e-32
  }
}