{
  "google/gemini-3-flash-preview(CoT)": 3.4631057400081064,
  "google/gemini-3-flash-preview(IO)": 3.5253171111799464,
  "openai/gpt-5.2(CoT)": 3.2459170304,
  "openai/gpt-4o-2024-05-13(CoT)": 2.485463241004373,
  "anthropic/claude-sonnet-4.5(CoT)": 3.1829788605098663,
  "qwen/qwen3-30b-a3b-instruct-2507(CoT)": 2.90593788575744
}