{
  "anthropic/claude-sonnet-4.5(CoT)": 0.026631984906240053,
  "google/gemini-3-flash-preview(CoT)": 0.1233033101312,
  "qwen/qwen3-30b-a3b-instruct-2507(CoT)": 0.0763044044799999,
  "google/gemini-3-flash-preview(IO)": -0.22781580361728,
  "openai/gpt-4o-2024-05-13(CoT)": -0.08138886742015997,
  "openai/gpt-5.2(CoT)": 0.08296497151999999
}