{
  "anthropic/claude-sonnet-4.5(CoT)": 0.062334168405333346,
  "google/gemini-3-flash-preview(CoT)": 0.03335652051626666,
  "google/gemini-3-flash-preview(IO)": 0.05674676751018664,
  "openai/gpt-4o-2024-05-13(CoT)": -0.01742205971114664,
  "openai/gpt-5.2(CoT)": 0.07164427124736,
  "qwen/qwen3-30b-a3b-instruct-2507(CoT)": -0.20665966796799998
}