{
  "anthropic/claude-sonnet-4.5(CoT)": 8.661709834676905,
  "google/gemini-3-flash-preview(CoT)": 9.873785227728213,
  "google/gemini-3-flash-preview(IO)": 9.308422157407572,
  "openai/gpt-4o-2024-05-13(CoT)": 8.614430633110185,
  "openai/gpt-5.2(CoT)": 9.306582340266665,
  "qwen/qwen3-30b-a3b-instruct-2507(CoT)": 9.550662020928852
}