{
  "google/gemini-3-flash-preview(CoT)": 10.75,
  "google/gemini-3-flash-preview(IO)": 11.083333333333334,
  "openai/gpt-5.2(CoT)": 8.583333333333334,
  "openai/gpt-4o-2024-05-13(CoT)": 9.25,
  "anthropic/claude-sonnet-4.5(CoT)": 8.0,
  "qwen/qwen3-30b-a3b-instruct-2507(CoT)": 5.333333333333333
}