{
  "anthropic/claude-sonnet-4.5(CoT)": 1.3287037037037037,
  "google/gemini-3-flash-preview(CoT)": 1.3287037037037037,
  "google/gemini-3-flash-preview(IO)": 1.2824074074074074,
  "openai/gpt-4o-2024-05-13(CoT)": 1.0694444444444444,
  "openai/gpt-5.2(CoT)": 1.212962962962963,
  "qwen/qwen3-30b-a3b-instruct-2507(CoT)": 1.1435185185185186
}