{
  "anthropic/claude-sonnet-4.5(CoT)": {
    "fitness": 3.9999999999999996,
    "final_population": 0.05292870351785865
  },
  "google/gemini-3-flash-preview(CoT)": {
    "fitness": 3.7919900488786076,
    "final_population": 5.86313006869325e-11
  },
  "google/gemini-3-flash-preview(IO)": {
    "fitness": 3.9999999999999996,
    "final_population": 0.05292870351785865
  },
  "openai/gpt-4o-2024-05-13(CoT)": {
    "fitness": 3.2517645697956574,
    "final_population": 5.645960754356462e-34
  },
  "openai/gpt-5.2(CoT)": {
    "fitness": 3.9999999999999996,
    "final_population": 0.6861326417842593
  },
  "qwen/qwen3-30b-a3b-instruct-2507(CoT)": {
    "fitness": 4.000000000058631,
    "final_population": 0.20800995112139203
  }
}