{
  "anthropic/claude-sonnet-4.5(CoT)": {
    "fitness": 5.0,
    "final_population": 0.4087632452112546
  },
  "google/gemini-3-flash-preview(CoT)": {
    "fitness": 5.0,
    "final_population": 0.30305697328300096
  },
  "google/gemini-3-flash-preview(IO)": {
    "fitness": 3.7458252310715525,
    "final_population": 2.07489946712946e-54
  },
  "openai/gpt-5.2(CoT)": {
    "fitness": 5.0,
    "final_population": 0.23226665590031084
  },
  "openai/gpt-4o-2024-05-13(CoT)": {
    "fitness": 4.5851167755061315,
    "final_population": 3.8296476838519233e-19
  },
  "qwen/qwen3-30b-a3b-instruct-2507(CoT)": {
    "fitness": 5.0,
    "final_population": 0.055913125605433545
  }
}