{
  "anthropic/claude-sonnet-4.5(CoT)": {
    "fitness": 5.0,
    "final_population": 0.4087632452112536
  },
  "google/gemini-3-flash-preview(CoT)": {
    "fitness": 5.0,
    "final_population": 0.3030569732830022
  },
  "google/gemini-3-flash-preview(IO)": {
    "fitness": 3.7458252310715556,
    "final_population": 2.07489946712993e-54
  },
  "openai/gpt-5.2(CoT)": {
    "fitness": 5.0,
    "final_population": 0.23226665590031062
  },
  "openai/gpt-4o-2024-05-13(CoT)": {
    "fitness": 4.585116775506131,
    "final_population": 3.829647683851562e-19
  },
  "qwen/qwen3-30b-a3b-instruct-2507(CoT)": {
    "fitness": 5.0,
    "final_population": 0.05591312560543362
  }
}