{
  "google/gemini-3-flash-preview(IO)": 4.7674058670080015,
  "google/gemini-3-flash-preview(CoT)": 5.93202939461632,
  "qwen/qwen3-30b-a3b-instruct-2507(CoT)": 6.5049725206527995,
  "anthropic/claude-sonnet-4.5(CoT)": 6.65086520066048,
  "openai/gpt-4o-2024-05-13(CoT)": 6.92394003693568,
  "openai/gpt-5.2(CoT)": 5.75756601982976
}