{
  "anthropic/claude-sonnet-4.5(CoT)": 4.833333333333333,
  "google/gemini-3-flash-preview(CoT)": 4.833333333333333,
  "google/gemini-3-flash-preview(IO)": 5.0,
  "openai/gpt-4o-2024-05-13(CoT)": 2.8333333333333335,
  "openai/gpt-5.2(CoT)": 4.916666666666667,
  "qwen/qwen3-30b-a3b-instruct-2507(CoT)": 3.4166666666666665
}