{
  "google/gemini-3-flash-preview(CoT)": 1.8408905379293865,
  "google/gemini-3-flash-preview(IO)": 1.7313458126574934,
  "openai/gpt-5.2(CoT)": 1.9109759574971734,
  "openai/gpt-4o-2024-05-13(CoT)": 1.7454894434713601,
  "anthropic/claude-sonnet-4.5(CoT)": 1.8470017697109335,
  "qwen/qwen3-30b-a3b-instruct-2507(CoT)": 1.7947392862208
}