{
  "anthropic/claude-sonnet-4.5(CoT)": {
    "fitness": 1.6666208259114248,
    "final_population": 3.3015823520482964e-13
  },
  "google/gemini-3-flash-preview(CoT)": {
    "fitness": 1.99907061342279,
    "final_population": 0.19847745265042993
  },
  "google/gemini-3-flash-preview(IO)": {
    "fitness": 1.9987658270611948,
    "final_population": 0.039187106932801766
  },
  "openai/gpt-4o-2024-05-13(CoT)": {
    "fitness": 1.9661081396847495,
    "final_population": 0.0024449094056551526
  },
  "openai/gpt-5.2(CoT)": {
    "fitness": 1.9999684932433113,
    "final_population": 0.7598905230322525
  },
  "qwen/qwen3-30b-a3b-instruct-2507(CoT)": {
    "fitness": 1.7991808029109282,
    "final_population": 7.978530580462979e-09
  }
}