{
  "anthropic/claude-sonnet-4.5(CoT)": {
    "fitness": 7.616491753923792,
    "final_population": 9.866505988503855e-105
  },
  "google/gemini-3-flash-preview(CoT)": {
    "fitness": 9.284852583881339,
    "final_population": 2.931797836229507e-32
  },
  "google/gemini-3-flash-preview(IO)": {
    "fitness": 10.0,
    "final_population": 0.4637185564908362
  },
  "openai/gpt-5.2(CoT)": {
    "fitness": 10.0,
    "final_population": 0.29789897146961036
  },
  "openai/gpt-4o-2024-05-13(CoT)": {
    "fitness": 5.344685557630722,
    "final_population": 6.205126069545477e-203
  },
  "qwen/qwen3-30b-a3b-instruct-2507(CoT)": {
    "fitness": 10.0,
    "final_population": 0.2383824720395534
  }
}