{
  "anthropic/claude-sonnet-4.5(CoT)": {
    "fitness": 4.081657701030238,
    "final_population": 3.4974464666380765e-41
  },
  "google/gemini-3-flash-preview(CoT)": {
    "fitness": 5.0,
    "final_population": 0.30442525492775296
  },
  "google/gemini-3-flash-preview(IO)": {
    "fitness": 5.0,
    "final_population": 0.3405656646877057
  },
  "openai/gpt-4o-2024-05-13(CoT)": {
    "fitness": 4.209417660290569,
    "final_population": 7.905306473133096e-36
  },
  "openai/gpt-5.2(CoT)": {
    "fitness": 5.0,
    "final_population": 0.2083241382006796
  },
  "qwen/qwen3-30b-a3b-instruct-2507(CoT)": {
    "fitness": 5.0,
    "final_population": 0.14668494218386177
  }
}