{
  "anthropic/claude-sonnet-4.5(CoT)": {
    "fitness": 4.0,
    "final_population": 1.765574004945693e-64
  },
  "google/gemini-3-flash-preview(CoT)": {
    "fitness": 4.5,
    "final_population": 7.045856419596471e-44
  },
  "google/gemini-3-flash-preview(IO)": {
    "fitness": 4.0,
    "final_population": 1.765574004945693e-64
  },
  "openai/gpt-5.2(CoT)": {
    "fitness": 5.5,
    "final_population": 0.5000000000000001
  },
  "openai/gpt-4o-2024-05-13(CoT)": {
    "fitness": 5.500000000000001,
    "final_population": 0.49999999999999994
  },
  "qwen/qwen3-30b-a3b-instruct-2507(CoT)": {
    "fitness": 4.5,
    "final_population": 1.9474833255823877e-43
  }
}