{
  "anthropic/claude-sonnet-4.5(CoT)": {
    "fitness": 2.0000000000000004,
    "final_population": 0.8877987215839152
  },
  "google/gemini-3-flash-preview(CoT)": {
    "fitness": 1.9859748401979898,
    "final_population": 0.028050319604021254
  },
  "google/gemini-3-flash-preview(IO)": {
    "fitness": 1.98597484019799,
    "final_population": 0.028050319604021504
  },
  "openai/gpt-4o-2024-05-13(CoT)": {
    "fitness": 1.9859748401979898,
    "final_population": 0.028050319604021254
  },
  "openai/gpt-5.2(CoT)": {
    "fitness": 1.9859748401979898,
    "final_population": 0.02805031960402101
  },
  "qwen/qwen3-30b-a3b-instruct-2507(CoT)": {
    "fitness": 1.1122012784160853,
    "final_population": 2.9309347298281646e-28
  }
}