{
  "anthropic/claude-sonnet-4.5(CoT)": -0.1111858439,
  "google/gemini-3-flash-preview(CoT)": -1.3316242082,
  "google/gemini-3-flash-preview(IO)": -0.1111858439,
  "openai/gpt-5.2(CoT)": -1.7833629661,
  "openai/gpt-4o-2024-05-13(CoT)": -2.6123386228,
  "qwen/qwen3-30b-a3b-instruct-2507(CoT)": -1.7613663208
}