{
  "anthropic/claude-sonnet-4.5(CoT)": 2.0,
  "google/gemini-3-flash-preview(CoT)": 2.5,
  "google/gemini-3-flash-preview(IO)": 2.0,
  "openai/gpt-4o-2024-05-13(CoT)": 1.1666666666666667,
  "openai/gpt-5.2(CoT)": 2.6666666666666665,
  "qwen/qwen3-30b-a3b-instruct-2507(CoT)": 2.0
}