{
  "anthropic/claude-sonnet-4.5(CoT)": {
    "fitness": 1.5945005408707118,
    "final_population": 9.150695040626428e-19
  },
  "google/gemini-3-flash-preview(CoT)": {
    "fitness": 2.0,
    "final_population": 0.40549945912928825
  },
  "google/gemini-3-flash-preview(IO)": {
    "fitness": 2.0,
    "final_population": 0.15808948454481242
  },
  "openai/gpt-4o-2024-05-13(CoT)": {
    "fitness": 0.31617896908962484,
    "final_population": 4.161757418679435e-74
  },
  "openai/gpt-5.2(CoT)": {
    "fitness": 2.0,
    "final_population": 0.43641105632589944
  },
  "qwen/qwen3-30b-a3b-instruct-2507(CoT)": {
    "fitness": 1.1271778873482012,
    "final_population": 6.503755559620225e-39
  }
}