{
  "google/gemini-3-flash-preview(CoT)": 2.0,
  "google/gemini-3-flash-preview(IO)": 1.9166666666666667,
  "openai/gpt-5.2(CoT)": 1.8333333333333333,
  "openai/gpt-4o-2024-05-13(CoT)": 1.4166666666666667,
  "anthropic/claude-sonnet-4.5(CoT)": 2.0,
  "qwen/qwen3-30b-a3b-instruct-2507(CoT)": 1.9166666666666667
}