{
  "google/gemini-3-flash-preview(CoT)": 4.666666666666667,
  "google/gemini-3-flash-preview(IO)": 5.0,
  "openai/gpt-5.2(CoT)": 4.5,
  "openai/gpt-4o-2024-05-13(CoT)": 4.25,
  "anthropic/claude-sonnet-4.5(CoT)": 5.0,
  "qwen/qwen3-30b-a3b-instruct-2507(CoT)": 3.5833333333333335
}