{
  "anthropic/claude-sonnet-4.5(CoT)": {
    "fitness": 5.0,
    "final_population": 0.35859852219510957
  },
  "google/gemini-3-flash-preview(CoT)": {
    "fitness": 4.999999999999999,
    "final_population": 0.177846064483657
  },
  "google/gemini-3-flash-preview(IO)": {
    "fitness": 5.0,
    "final_population": 0.35859852219510957
  },
  "openai/gpt-5.2(CoT)": {
    "fitness": 4.999999999999999,
    "final_population": 0.10495689112612337
  },
  "openai/gpt-4o-2024-05-13(CoT)": {
    "fitness": 4.664718598827157,
    "final_population": 4.797390013255793e-16
  },
  "qwen/qwen3-30b-a3b-instruct-2507(CoT)": {
    "fitness": 4.292992610975547,
    "final_population": 5.816630844993492e-33
  }
}