{
  "anthropic/claude-sonnet-4.5(CoT)": 4.0,
  "google/gemini-3-flash-preview(CoT)": 3.5833333333333335,
  "google/gemini-3-flash-preview(IO)": 4.166666666666667,
  "openai/gpt-4o-2024-05-13(CoT)": 2.8333333333333335,
  "openai/gpt-5.2(CoT)": 2.8333333333333335,
  "qwen/qwen3-30b-a3b-instruct-2507(CoT)": 3.25
}