{
  "anthropic/claude-sonnet-4.5(CoT)": -1.6565656566,
  "google/gemini-3-flash-preview(CoT)": -1.1515151515,
  "google/gemini-3-flash-preview(IO)": -1.1515151515,
  "openai/gpt-5.2(CoT)": -1.1515151515,
  "openai/gpt-4o-2024-05-13(CoT)": -2.3434343434,
  "qwen/qwen3-30b-a3b-instruct-2507(CoT)": -1.3434343434
}