{
  "anthropic/claude-sonnet-4.5(CoT)": {
    "fitness": 5.0,
    "final_population": 0.4307209798667739
  },
  "google/gemini-3-flash-preview(CoT)": {
    "fitness": 4.999957020501075,
    "final_population": 0.06661749151553903
  },
  "google/gemini-3-flash-preview(IO)": {
    "fitness": 5.0,
    "final_population": 0.5026443368181174
  },
  "openai/gpt-5.2(CoT)": {
    "fitness": 2.8232455253604023,
    "final_population": 2.117290689388272e-95
  },
  "openai/gpt-4o-2024-05-13(CoT)": {
    "fitness": 3.933365316684891,
    "final_population": 4.825537195181157e-48
  },
  "qwen/qwen3-30b-a3b-instruct-2507(CoT)": {
    "fitness": 4.933322337185967,
    "final_population": 1.7191799569732474e-05
  }
}