{
  "google/gemini-3-flash-preview(CoT)": 1.4583333333333333,
  "google/gemini-3-flash-preview(IO)": 1.4074074074074074,
  "openai/gpt-5.2(CoT)": 1.4027777777777777,
  "openai/gpt-4o-2024-05-13(CoT)": 1.5,
  "anthropic/claude-sonnet-4.5(CoT)": 1.4259259259259258,
  "qwen/qwen3-30b-a3b-instruct-2507(CoT)": 1.4074074074074074
}