{
  "google/gemini-3-flash-preview(CoT)": 4.999999999999999,
  "google/gemini-3-flash-preview(IO)": 4.973361136435199,
  "openai/gpt-5.2(CoT)": 4.615836330625707,
  "openai/gpt-4o-2024-05-13(CoT)": 4.5123898897612795,
  "anthropic/claude-sonnet-4.5(CoT)": 4.6087514215355725,
  "qwen/qwen3-30b-a3b-instruct-2507(CoT)": 4.89
}