{
  "anthropic/claude-sonnet-4.5(CoT)": 9.301979079830186,
  "google/gemini-3-flash-preview(CoT)": 9.7698777890816,
  "google/gemini-3-flash-preview(IO)": 9.481039428321278,
  "openai/gpt-4o-2024-05-13(CoT)": 9.476690709572265,
  "openai/gpt-5.2(CoT)": 9.06476357173248,
  "qwen/qwen3-30b-a3b-instruct-2507(CoT)": 9.372592054872745
}