{
  "anthropic/claude-sonnet-4.5(CoT)": {
    "fitness": 1.4999980031059994,
    "final_population": 0.3568825761960916
  },
  "google/gemini-3-flash-preview(CoT)": {
    "fitness": 1.4999984903350603,
    "final_population": 0.3844969699982636
  },
  "google/gemini-3-flash-preview(IO)": {
    "fitness": 1.499997491909757,
    "final_population": 0.2586111386710641
  },
  "openai/gpt-5.2(CoT)": {
    "fitness": 1.3957718548168991,
    "final_population": 9.31513453835711e-06
  },
  "openai/gpt-4o-2024-05-13(CoT)": {
    "fitness": 1.1840206196734375,
    "final_population": 8.290940295760289e-15
  },
  "qwen/qwen3-30b-a3b-instruct-2507(CoT)": {
    "fitness": 1.1895375467848,
    "final_population": 3.397821622551248e-14
  }
}