{
  "anthropic/claude-sonnet-4.5(CoT)": 1.3425925925925926,
  "google/gemini-3-flash-preview(CoT)": 1.3333333333333333,
  "google/gemini-3-flash-preview(IO)": 1.3518518518518519,
  "openai/gpt-4o-2024-05-13(CoT)": 1.0416666666666667,
  "openai/gpt-5.2(CoT)": 1.2083333333333333,
  "qwen/qwen3-30b-a3b-instruct-2507(CoT)": 1.1759259259259258
}