{
  "anthropic/claude-sonnet-4.5(CoT)": {
    "fitness": 2.0,
    "final_population": 0.265790427529238
  },
  "google/gemini-3-flash-preview(CoT)": {
    "fitness": 2.0,
    "final_population": 0.1605385501664811
  },
  "google/gemini-3-flash-preview(IO)": {
    "fitness": 2.0,
    "final_population": 0.2065662360688999
  },
  "openai/gpt-5.2(CoT)": {
    "fitness": 2.0,
    "final_population": 0.2065662360688999
  },
  "openai/gpt-4o-2024-05-13(CoT)": {
    "fitness": 1.573671022304281,
    "final_population": 8.403415901572063e-20
  },
  "qwen/qwen3-30b-a3b-instruct-2507(CoT)": {
    "fitness": 2.0,
    "final_population": 0.1605385501664811
  }
}