{
  "anthropic/claude-sonnet-4.5(CoT)": {
    "fitness": 5.0,
    "final_population": 0.21710200204747493
  },
  "google/gemini-3-flash-preview(CoT)": {
    "fitness": 5.0,
    "final_population": 0.26484296854817013
  },
  "google/gemini-3-flash-preview(IO)": {
    "fitness": 5.0,
    "final_population": 0.31175570095366467
  },
  "openai/gpt-5.2(CoT)": {
    "fitness": 5.0,
    "final_population": 0.20629932845069032
  },
  "openai/gpt-4o-2024-05-13(CoT)": {
    "fitness": 1.547935517319472,
    "final_population": 3.9919473388918616e-151
  },
  "qwen/qwen3-30b-a3b-instruct-2507(CoT)": {
    "fitness": 3.641980548359285,
    "final_population": 2.3155456272887968e-60
  }
}