{
  "anthropic/claude-sonnet-4.5(CoT)": {
    "fitness": 1.000000478019753,
    "final_population": 0.219865639518359
  },
  "google/gemini-3-flash-preview(CoT)": {
    "fitness": 1.0000003596412448,
    "final_population": 0.2030325490590445
  },
  "google/gemini-3-flash-preview(IO)": {
    "fitness": 1.0000002222013744,
    "final_population": 0.17299223200692676
  },
  "openai/gpt-4o-2024-05-13(CoT)": {
    "fitness": 0.881853440623265,
    "final_population": 1.555455949770456e-06
  },
  "openai/gpt-5.2(CoT)": {
    "fitness": 1.0000003162232607,
    "final_population": 0.18975608061686453
  },
  "qwen/qwen3-30b-a3b-instruct-2507(CoT)": {
    "fitness": 1.0000004244454799,
    "final_population": 0.2143519433428555
  }
}