{
  "anthropic/claude-sonnet-4.5(CoT)": {
    "fitness": 1.999999934114562,
    "final_population": 0.11662004585070665
  },
  "google/gemini-3-flash-preview(CoT)": {
    "fitness": 1.9999999999999998,
    "final_population": 0.2981367012773918
  },
  "google/gemini-3-flash-preview(IO)": {
    "fitness": 1.9999999999999998,
    "final_population": 0.4206862330233675
  },
  "openai/gpt-5.2(CoT)": {
    "fitness": 1.999999934114562,
    "final_population": 0.1645568880776582
  },
  "openai/gpt-4o-2024-05-13(CoT)": {
    "fitness": 1.5793137010911944,
    "final_population": 3.9374100926178915e-19
  },
  "qwen/qwen3-30b-a3b-instruct-2507(CoT)": {
    "fitness": 1.8594115330358174,
    "final_population": 1.3177087577241934e-07
  }
}