{
  "anthropic/claude-sonnet-4.5(CoT)": {
    "fitness": 1.9999999341145624,
    "final_population": 0.11662004585070623
  },
  "google/gemini-3-flash-preview(CoT)": {
    "fitness": 2.0,
    "final_population": 0.29813670127739145
  },
  "google/gemini-3-flash-preview(IO)": {
    "fitness": 2.0,
    "final_population": 0.420686233023369
  },
  "openai/gpt-5.2(CoT)": {
    "fitness": 1.9999999341145624,
    "final_population": 0.16455688807765764
  },
  "openai/gpt-4o-2024-05-13(CoT)": {
    "fitness": 1.5793137010911935,
    "final_population": 3.9374100926175693e-19
  },
  "qwen/qwen3-30b-a3b-instruct-2507(CoT)": {
    "fitness": 1.8594115330358183,
    "final_population": 1.3177087577242363e-07
  }
}