{
  "google/gemini-3-flash-preview(CoT)": 1.9351851851851851,
  "google/gemini-3-flash-preview(IO)": 1.9490740740740742,
  "openai/gpt-5.2(CoT)": 1.5046296296296295,
  "openai/gpt-4o-2024-05-13(CoT)": 1.2824074074074074,
  "anthropic/claude-sonnet-4.5(CoT)": -0.4027777777777778,
  "qwen/qwen3-30b-a3b-instruct-2507(CoT)": 2.361111111111111
}