{
  "anthropic/claude-sonnet-4.5(CoT)": {
    "fitness": 0.4575786608380671,
    "final_population": 4.310774968151136e-100
  },
  "google/gemini-3-flash-preview(CoT)": {
    "fitness": 1.4850656124786548,
    "final_population": 0.12196420116345892
  },
  "google/gemini-3-flash-preview(IO)": {
    "fitness": 1.4972530865261509,
    "final_population": 0.26150742472112365
  },
  "openai/gpt-5.2(CoT)": {
    "fitness": 1.500000000032023,
    "final_population": 0.5353827213082937
  },
  "openai/gpt-4o-2024-05-13(CoT)": {
    "fitness": 1.2990569061935993,
    "final_population": 1.3769135459972137e-09
  },
  "qwen/qwen3-30b-a3b-instruct-2507(CoT)": {
    "fitness": 1.4876108456728414,
    "final_population": 0.08114565143021031
  }
}