{
  "qwen/qwen3-30b-a3b-instruct-2507(CoT)": 0.0013335273471999781,
  "anthropic/claude-sonnet-4.5(CoT)": 0.30776521801727996,
  "google/gemini-3-flash-preview(CoT)": 0.09588231290880009,
  "openai/gpt-4o-2024-05-13(CoT)": -0.5083518843289601,
  "google/gemini-3-flash-preview(IO)": 0.018955066408959942,
  "openai/gpt-5.2(CoT)": 0.08441575964672002
}