{
  "google/gemini-3-flash-preview(IO)": 2.02440926511104,
  "google/gemini-3-flash-preview(CoT)": 2.80398913429504,
  "anthropic/claude-sonnet-4.5(CoT)": 2.1858078953471995,
  "qwen/qwen3-30b-a3b-instruct-2507(CoT)": 2.0057438953471998,
  "openai/gpt-4o-2024-05-13(CoT)": 2.38666831282176,
  "openai/gpt-5.2(CoT)": 2.2800285882777596
}