{
  "anthropic/claude-sonnet-4.5(CoT)": 1.2298640523263997,
  "google/gemini-3-flash-preview(IO)": 0.82627483648,
  "google/gemini-3-flash-preview(CoT)": 1.09105408,
  "openai/gpt-5.2(CoT)": 1.4403199999999998,
  "openai/gpt-4o-2024-05-13(CoT)": 1.6769383694336,
  "qwen/qwen3-30b-a3b-instruct-2507(CoT)": 1.4137438953471997
}