{
  "anthropic/claude-sonnet-4.5(CoT)": -3.5,
  "google/gemini-3-flash-preview(CoT)": -2.9166666667,
  "google/gemini-3-flash-preview(IO)": -2.9166666667,
  "openai/gpt-5.2(CoT)": -2.9166666667,
  "openai/gpt-4o-2024-05-13(CoT)": -2.9166666667,
  "qwen/qwen3-30b-a3b-instruct-2507(CoT)": -4.4166666667
}