{
  "anthropic/claude-sonnet-4.5(CoT)": {
    "fitness": 10.0,
    "final_population": 0.20581686802046806
  },
  "google/gemini-3-flash-preview(CoT)": {
    "fitness": 10.0,
    "final_population": 0.3800217092001501
  },
  "google/gemini-3-flash-preview(IO)": {
    "fitness": 10.0,
    "final_population": 0.4141614227793819
  },
  "openai/gpt-5.2(CoT)": {
    "fitness": 7.92919288610309,
    "final_population": 7.622344564606515e-91
  },
  "openai/gpt-4o-2024-05-13(CoT)": {
    "fitness": 8.175753941373051,
    "final_population": 5.243113770540819e-81
  },
  "qwen/qwen3-30b-a3b-instruct-2507(CoT)": {
    "fitness": 6.443245762881722,
    "final_population": 3.706366688730711e-155
  }
}