{
  "anthropic/claude-sonnet-4.5(CoT)": {
    "fitness": 1.000000000000092,
    "final_population": 0.6014043314625366
  },
  "google/gemini-3-flash-preview(CoT)": {
    "fitness": 0.9999999999999999,
    "final_population": 0.10165172854323036
  },
  "google/gemini-3-flash-preview(IO)": {
    "fitness": 0.9999999999999999,
    "final_population": 0.14847196999707052
  },
  "openai/gpt-5.2(CoT)": {
    "fitness": 0.9999999999999999,
    "final_population": 0.14847196999707052
  },
  "openai/gpt-4o-2024-05-13(CoT)": {
    "fitness": 0.5508258642716152,
    "final_population": 4.3767084799581354e-21
  },
  "qwen/qwen3-30b-a3b-instruct-2507(CoT)": {
    "fitness": 0.6992978342687777,
    "final_population": 9.199653718263508e-14
  }
}