{
  "openai/gpt-4o-2024-05-13(CoT)": 8.42036870250496,
  "openai/gpt-5.2(CoT)": 9.05398553116672,
  "google/gemini-3-flash-preview(CoT)": 7.630807383736321,
  "qwen/qwen3-30b-a3b-instruct-2507(CoT)": 8.892342747136002,
  "google/gemini-3-flash-preview(IO)": 7.952928194560001,
  "anthropic/claude-sonnet-4.5(CoT)": 7.178100654080001
}