{
  "google/gemini-3-flash-preview(CoT)": -0.07391960891391998,
  "openai/gpt-5.2(CoT)": -0.26410425057280007,
  "anthropic/claude-sonnet-4.5(CoT)": -0.29386859954175987,
  "openai/gpt-4o-2024-05-13(CoT)": 0.22390702948351987,
  "google/gemini-3-flash-preview(IO)": -0.05350992461823995,
  "qwen/qwen3-30b-a3b-instruct-2507(CoT)": 0.4614953541632
}