{
  "anthropic/claude-sonnet-4.5(CoT)": 1.4814814814814814,
  "google/gemini-3-flash-preview(CoT)": 1.4768518518518519,
  "google/gemini-3-flash-preview(IO)": 1.4814814814814814,
  "openai/gpt-4o-2024-05-13(CoT)": 1.2314814814814814,
  "openai/gpt-5.2(CoT)": 1.5046296296296295,
  "qwen/qwen3-30b-a3b-instruct-2507(CoT)": 1.4768518518518519
}