{
  "anthropic/claude-sonnet-4.5(CoT)": {
    "fitness": 10.0,
    "final_population": 0.24642520721625893
  },
  "google/gemini-3-flash-preview(CoT)": {
    "fitness": 10.0,
    "final_population": 0.2672051464078284
  },
  "google/gemini-3-flash-preview(IO)": {
    "fitness": 10.0,
    "final_population": 0.2672051464078284
  },
  "openai/gpt-5.2(CoT)": {
    "fitness": 10.0,
    "final_population": 0.2191644999680842
  },
  "openai/gpt-4o-2024-05-13(CoT)": {
    "fitness": 6.425367463822958,
    "final_population": 1.178632327385002e-156
  },
  "qwen/qwen3-30b-a3b-instruct-2507(CoT)": {
    "fitness": 8.137641171262626,
    "final_population": 7.459058961166514e-82
  }
}