{
  "anthropic/claude-sonnet-4.5(CoT)": {
    "fitness": 5.0,
    "final_population": 0.3339342583929983
  },
  "google/gemini-3-flash-preview(CoT)": {
    "fitness": 5.0,
    "final_population": 0.26970055748634664
  },
  "google/gemini-3-flash-preview(IO)": {
    "fitness": 4.937681301535524,
    "final_population": 0.0001122272631802347
  },
  "openai/gpt-5.2(CoT)": {
    "fitness": 4.169839632859762,
    "final_population": 2.355278707575301e-38
  },
  "openai/gpt-4o-2024-05-13(CoT)": {
    "fitness": 4.99988777273682,
    "final_population": 0.06231869846447657
  },
  "qwen/qwen3-30b-a3b-instruct-2507(CoT)": {
    "fitness": 5.0,
    "final_population": 0.3339342583929983
  }
}