{
  "anthropic/claude-sonnet-4.5(CoT)": {
    "fitness": 5.0,
    "final_population": 0.3339342583929981
  },
  "google/gemini-3-flash-preview(CoT)": {
    "fitness": 5.0,
    "final_population": 0.26970055748634664
  },
  "google/gemini-3-flash-preview(IO)": {
    "fitness": 4.937681301535523,
    "final_population": 0.00011222726318023216
  },
  "openai/gpt-5.2(CoT)": {
    "fitness": 4.169839632859761,
    "final_population": 2.3552787075751505e-38
  },
  "openai/gpt-4o-2024-05-13(CoT)": {
    "fitness": 4.99988777273682,
    "final_population": 0.06231869846447694
  },
  "qwen/qwen3-30b-a3b-instruct-2507(CoT)": {
    "fitness": 5.0,
    "final_population": 0.3339342583929981
  }
}