{
  "anthropic/claude-sonnet-4.5(CoT)": -2.1235101502,
  "google/gemini-3-flash-preview(CoT)": -1.9513479998,
  "google/gemini-3-flash-preview(IO)": -1.0576634638,
  "openai/gpt-5.2(CoT)": -1.0576634638,
  "openai/gpt-4o-2024-05-13(CoT)": -3.6572142984,
  "qwen/qwen3-30b-a3b-instruct-2507(CoT)": -2.1274359322
}