{
  "google/gemini-3-flash-preview(IO)": 1.0199999999999998,
  "anthropic/claude-sonnet-4.5(CoT)": 1.0399999999999998,
  "google/gemini-3-flash-preview(CoT)": 0.94032384,
  "openai/gpt-5.2(CoT)": 1.0403238399999999,
  "qwen/qwen3-30b-a3b-instruct-2507(CoT)": 1.16,
  "openai/gpt-4o-2024-05-13(CoT)": 1.0930094933333334
}