{
  "anthropic/claude-sonnet-4.5(CoT)": 4.833333333333333,
  "google/gemini-3-flash-preview(CoT)": 4.5,
  "google/gemini-3-flash-preview(IO)": 4.5,
  "openai/gpt-4o-2024-05-13(CoT)": 2.3333333333333335,
  "openai/gpt-5.2(CoT)": 4.416666666666667,
  "qwen/qwen3-30b-a3b-instruct-2507(CoT)": 2.5833333333333335
}