{
  "anthropic/claude-sonnet-4.5(CoT)": -2.2016548707,
  "google/gemini-3-flash-preview(CoT)": -0.775896348,
  "google/gemini-3-flash-preview(IO)": -1.7161235352,
  "openai/gpt-5.2(CoT)": -2.3900779794,
  "openai/gpt-4o-2024-05-13(CoT)": -1.2372755807,
  "qwen/qwen3-30b-a3b-instruct-2507(CoT)": -0.775896348
}