{
  "anthropic/claude-sonnet-4.5(CoT)": 1.6666666666666667,
  "google/gemini-3-flash-preview(CoT)": 2.5,
  "google/gemini-3-flash-preview(IO)": 2.8333333333333335,
  "openai/gpt-4o-2024-05-13(CoT)": 1.25,
  "openai/gpt-5.2(CoT)": 2.5,
  "qwen/qwen3-30b-a3b-instruct-2507(CoT)": 1.75
}