{
  "anthropic/claude-sonnet-4.5(CoT)": {
    "fitness": 10.0,
    "final_population": 0.1949767360744632
  },
  "google/gemini-3-flash-preview(CoT)": {
    "fitness": 10.0,
    "final_population": 0.41133778347319006
  },
  "google/gemini-3-flash-preview(IO)": {
    "fitness": 10.0,
    "final_population": 0.3936854804523468
  },
  "openai/gpt-5.2(CoT)": {
    "fitness": 7.987441840186158,
    "final_population": 7.338259924010202e-89
  },
  "openai/gpt-4o-2024-05-13(CoT)": {
    "fitness": 4.652311281251472,
    "final_population": 2.4869125454651824e-233
  },
  "qwen/qwen3-30b-a3b-instruct-2507(CoT)": {
    "fitness": 7.205668891736596,
    "final_population": 5.3377338532444886e-123
  }
}