{
  "anthropic/claude-sonnet-4.5(CoT)": {
    "fitness": 1.5945005408707134,
    "final_population": 9.150695040627297e-19
  },
  "google/gemini-3-flash-preview(CoT)": {
    "fitness": 2.0000000000000004,
    "final_population": 0.4054994591292868
  },
  "google/gemini-3-flash-preview(IO)": {
    "fitness": 2.0000000000000004,
    "final_population": 0.15808948454481245
  },
  "openai/gpt-5.2(CoT)": {
    "fitness": 2.0000000000000004,
    "final_population": 0.4364110563259009
  },
  "openai/gpt-4o-2024-05-13(CoT)": {
    "fitness": 0.3161789690896249,
    "final_population": 4.161757418679442e-74
  },
  "qwen/qwen3-30b-a3b-instruct-2507(CoT)": {
    "fitness": 1.1271778873481986,
    "final_population": 6.50375555961913e-39
  }
}