{
  "openai/gpt-4o-2024-05-13(CoT)": 1.80050026594304,
  "openai/gpt-5.2(CoT)": 1.2918661324799998,
  "google/gemini-3-flash-preview(IO)": 0.93425014784,
  "google/gemini-3-flash-preview(CoT)": 1.57984147456,
  "qwen/qwen3-30b-a3b-instruct-2507(CoT)": 1.3199999999999998,
  "anthropic/claude-sonnet-4.5(CoT)": 1.6317954709913598
}