{
  "anthropic/claude-sonnet-4.5(CoT)": 4.999999999999999,
  "google/gemini-3-flash-preview(CoT)": 4.916666666666666,
  "google/gemini-3-flash-preview(IO)": 4.786,
  "openai/gpt-4o-2024-05-13(CoT)": 4.3116367378432,
  "openai/gpt-5.2(CoT)": 4.999999999999999,
  "qwen/qwen3-30b-a3b-instruct-2507(CoT)": 4.936855703988907
}