{
  "google/gemini-3-flash-preview(CoT)": 1.0231481481481481,
  "google/gemini-3-flash-preview(IO)": 1.0277777777777777,
  "openai/gpt-5.2(CoT)": 1.0416666666666667,
  "openai/gpt-4o-2024-05-13(CoT)": 0.9259259259259259,
  "anthropic/claude-sonnet-4.5(CoT)": 1.037037037037037,
  "qwen/qwen3-30b-a3b-instruct-2507(CoT)": 1.0601851851851851
}