{
  "anthropic/claude-sonnet-4.5(CoT)": {
    "fitness": 1.000000191216596,
    "final_population": 0.19446474430087837
  },
  "google/gemini-3-flash-preview(CoT)": {
    "fitness": 1.000000088000424,
    "final_population": 0.16661369338487186
  },
  "google/gemini-3-flash-preview(IO)": {
    "fitness": 1.0000001279082904,
    "final_population": 0.17625877327841818
  },
  "openai/gpt-5.2(CoT)": {
    "fitness": 1.0000002187748347,
    "final_population": 0.20366702590114832
  },
  "openai/gpt-4o-2024-05-13(CoT)": {
    "fitness": 0.8751665491532532,
    "final_population": 8.915587820630982e-07
  },
  "qwen/qwen3-30b-a3b-instruct-2507(CoT)": {
    "fitness": 1.0000004001770695,
    "final_population": 0.258994871575901
  }
}