{
  "anthropic/claude-sonnet-4.5(CoT)": {
    "fitness": 10.0,
    "final_population": 0.17870844229610505
  },
  "google/gemini-3-flash-preview(CoT)": {
    "fitness": 10.0,
    "final_population": 0.2523410593178988
  },
  "google/gemini-3-flash-preview(IO)": {
    "fitness": 10.0,
    "final_population": 0.5689504983859962
  },
  "openai/gpt-5.2(CoT)": {
    "fitness": 7.820600576081313,
    "final_population": 1.087262018911118e-95
  },
  "openai/gpt-4o-2024-05-13(CoT)": {
    "fitness": 6.301821760491025,
    "final_population": 1.786093518057976e-161
  },
  "qwen/qwen3-30b-a3b-instruct-2507(CoT)": {
    "fitness": 8.927749346223369,
    "final_population": 2.58579924558591e-48
  }
}