{
  "anthropic/claude-sonnet-4.5(CoT)": 1.04,
  "google/gemini-3-flash-preview(IO)": 0.9933333333333333,
  "qwen/qwen3-30b-a3b-instruct-2507(CoT)": 1.16,
  "openai/gpt-4o-2024-05-13(CoT)": 1.0999999999999999,
  "openai/gpt-5.2(CoT)": 1.0813333333333333,
  "google/gemini-3-flash-preview(CoT)": 0.9333333333333332
}