{
  "google/gemini-3-flash-preview(CoT)": 1.7726704795374937,
  "google/gemini-3-flash-preview(IO)": 1.8492897757866666,
  "openai/gpt-5.2(CoT)": 1.8570458927377065,
  "openai/gpt-4o-2024-05-13(CoT)": 1.7012898111078398,
  "anthropic/claude-sonnet-4.5(CoT)": 1.81041993728,
  "qwen/qwen3-30b-a3b-instruct-2507(CoT)": 1.6701139804433067
}