{
  "anthropic/claude-sonnet-4.5(CoT)": {
    "fitness": 1.9999999999999991,
    "final_population": 0.2845062664430041
  },
  "google/gemini-3-flash-preview(CoT)": {
    "fitness": 1.854799574681991,
    "final_population": 3.1690858765111296e-07
  },
  "google/gemini-3-flash-preview(IO)": {
    "fitness": 1.9999999999999998,
    "final_population": 0.35156524206864737
  },
  "openai/gpt-5.2(CoT)": {
    "fitness": 1.999999991675924,
    "final_population": 0.36392817457975973
  },
  "openai/gpt-4o-2024-05-13(CoT)": {
    "fitness": 1.6117561661630313,
    "final_population": 2.905442311789537e-17
  },
  "qwen/qwen3-30b-a3b-instruct-2507(CoT)": {
    "fitness": 1.652002961141385,
    "final_population": 1.0112212685275916e-15
  }
}