{
  "anthropic/claude-sonnet-4.5(CoT)": 9.5,
  "google/gemini-3-flash-preview(CoT)": 11.25,
  "google/gemini-3-flash-preview(IO)": 11.25,
  "openai/gpt-4o-2024-05-13(CoT)": 6.25,
  "openai/gpt-5.2(CoT)": 7.833333333333333,
  "qwen/qwen3-30b-a3b-instruct-2507(CoT)": 5.916666666666667
}