{
  "anthropic/claude-sonnet-4.5(CoT)": {
    "fitness": 2.7277990779466143e-19,
    "final_population": 0.7147154499353044
  },
  "google/gemini-3-flash-preview(CoT)": {
    "fitness": -0.4294308998709386,
    "final_population": 2.7277990779464083e-19
  },
  "google/gemini-3-flash-preview(IO)": {
    "fitness": -0.28528455006436587,
    "final_population": 1.8871174514512841e-13
  },
  "openai/gpt-5.2(CoT)": {
    "fitness": 3.296864428358314e-13,
    "final_population": 0.28528455006436587
  },
  "openai/gpt-4o-2024-05-13(CoT)": {
    "fitness": -0.7147154499354932,
    "final_population": 2.0591562637040908e-32
  },
  "qwen/qwen3-30b-a3b-instruct-2507(CoT)": {
    "fitness": -0.28528455006436587,
    "final_population": 1.4097497047061074e-13
  }
}