{
  "google/gemini-3-flash-preview(CoT)": 1.141592444058738,
  "google/gemini-3-flash-preview(IO)": 1.207337151625292,
  "openai/gpt-5.2(CoT)": 1.1628602292170902,
  "openai/gpt-4o-2024-05-13(CoT)": 1.1335837029573215,
  "anthropic/claude-sonnet-4.5(CoT)": 1.1757724575827437,
  "qwen/qwen3-30b-a3b-instruct-2507(CoT)": 1.1634622087160413
}