{
  "anthropic/claude-sonnet-4.5(CoT)": -0.1035903291,
  "google/gemini-3-flash-preview(CoT)": -0.088676846,
  "google/gemini-3-flash-preview(IO)": -0.088676846,
  "openai/gpt-5.2(CoT)": -0.0966825912,
  "openai/gpt-4o-2024-05-13(CoT)": -0.109042893,
  "qwen/qwen3-30b-a3b-instruct-2507(CoT)": -0.088676846
}