{
  "anthropic/claude-sonnet-4.5(CoT)": 9.0,
  "google/gemini-3-flash-preview(CoT)": 10.0,
  "google/gemini-3-flash-preview(IO)": 9.666666666666666,
  "openai/gpt-4o-2024-05-13(CoT)": 7.166666666666667,
  "openai/gpt-5.2(CoT)": 8.333333333333334,
  "qwen/qwen3-30b-a3b-instruct-2507(CoT)": 7.833333333333333
}