{
  "anthropic/claude-sonnet-4.5(CoT)": -1.224137931,
  "google/gemini-3-flash-preview(CoT)": -0.724137931,
  "google/gemini-3-flash-preview(IO)": -0.724137931,
  "openai/gpt-5.2(CoT)": -0.724137931,
  "openai/gpt-4o-2024-05-13(CoT)": -2.0517241379,
  "qwen/qwen3-30b-a3b-instruct-2507(CoT)": -1.224137931
}