{
  "google/gemini-3-flash-preview(CoT)": 9.067934871906987,
  "google/gemini-3-flash-preview(IO)": 9.768476556001279,
  "openai/gpt-5.2(CoT)": 9.324062291613012,
  "openai/gpt-4o-2024-05-13(CoT)": 9.081087505012052,
  "anthropic/claude-sonnet-4.5(CoT)": 9.722860597794133,
  "qwen/qwen3-30b-a3b-instruct-2507(CoT)": 8.852480377541973
}