{
  "anthropic/claude-sonnet-4.5(CoT)": {
    "fitness": 5.0,
    "final_population": 0.17056920200284478
  },
  "google/gemini-3-flash-preview(CoT)": {
    "fitness": 5.0,
    "final_population": 0.2221866375380664
  },
  "google/gemini-3-flash-preview(IO)": {
    "fitness": 5.0,
    "final_population": 0.40659903667305086
  },
  "openai/gpt-5.2(CoT)": {
    "fitness": 5.0,
    "final_population": 0.20064512378603797
  },
  "openai/gpt-4o-2024-05-13(CoT)": {
    "fitness": 0.4600832180686759,
    "final_population": 6.586218410101509e-198
  },
  "qwen/qwen3-30b-a3b-instruct-2507(CoT)": {
    "fitness": 3.854044752005309,
    "final_population": 3.337240930214177e-51
  }
}