{
  "anthropic/claude-sonnet-4.5(CoT)": {
    "fitness": 4.236455019839585,
    "final_population": 4.445238987615591e-34
  },
  "google/gemini-3-flash-preview(CoT)": {
    "fitness": 5.0,
    "final_population": 0.3054179920641658
  },
  "google/gemini-3-flash-preview(IO)": {
    "fitness": 5.0,
    "final_population": 0.34729100396791707
  },
  "openai/gpt-5.2(CoT)": {
    "fitness": 5.0,
    "final_population": 0.34729100396791707
  },
  "openai/gpt-4o-2024-05-13(CoT)": {
    "fitness": 1.7364550198395854,
    "final_population": 1.245950276938844e-142
  },
  "qwen/qwen3-30b-a3b-instruct-2507(CoT)": {
    "fitness": 3.194582007935834,
    "final_population": 3.346592402333669e-79
  }
}