{
  "anthropic/claude-sonnet-4.5(CoT)": {
    "fitness": 4.236455019839582,
    "final_population": 4.4452389876145824e-34
  },
  "google/gemini-3-flash-preview(CoT)": {
    "fitness": 5.0,
    "final_population": 0.3054179920641671
  },
  "google/gemini-3-flash-preview(IO)": {
    "fitness": 5.0,
    "final_population": 0.34729100396791646
  },
  "openai/gpt-4o-2024-05-13(CoT)": {
    "fitness": 1.7364550198395823,
    "final_population": 1.2459502769385976e-142
  },
  "openai/gpt-5.2(CoT)": {
    "fitness": 5.0,
    "final_population": 0.34729100396791646
  },
  "qwen/qwen3-30b-a3b-instruct-2507(CoT)": {
    "fitness": 3.194582007935833,
    "final_population": 3.346592402333384e-79
  }
}