{
  "anthropic/claude-sonnet-4.5(CoT)": {
    "fitness": 1.0000004780197527,
    "final_population": 0.21986563951835883
  },
  "google/gemini-3-flash-preview(CoT)": {
    "fitness": 1.0000003596412448,
    "final_population": 0.20303254905904428
  },
  "google/gemini-3-flash-preview(IO)": {
    "fitness": 1.0000002222013742,
    "final_population": 0.17299223200692665
  },
  "openai/gpt-5.2(CoT)": {
    "fitness": 1.0000003162232607,
    "final_population": 0.18975608061686494
  },
  "openai/gpt-4o-2024-05-13(CoT)": {
    "fitness": 0.8818534406232652,
    "final_population": 1.5554559497704596e-06
  },
  "qwen/qwen3-30b-a3b-instruct-2507(CoT)": {
    "fitness": 1.0000004244454799,
    "final_population": 0.21435194334285557
  }
}