{
  "anthropic/claude-sonnet-4.5(CoT)": 1.9592798953472,
  "qwen/qwen3-30b-a3b-instruct-2507(CoT)": 2.6034359738368,
  "openai/gpt-4o-2024-05-13(CoT)": 1.79378943279104,
  "openai/gpt-5.2(CoT)": 2.20608554827776,
  "google/gemini-3-flash-preview(CoT)": 1.9337438953472001,
  "google/gemini-3-flash-preview(IO)": 2.1404287999999996
}