{
  "openai/gpt-4o-2024-05-13(CoT)": 1.153333333333333,
  "qwen/qwen3-30b-a3b-instruct-2507(CoT)": 1.133333333333333,
  "openai/gpt-5.2(CoT)": 1.0333333333333332,
  "google/gemini-3-flash-preview(CoT)": 0.9666666666666667,
  "google/gemini-3-flash-preview(IO)": 0.9666666666666667,
  "anthropic/claude-sonnet-4.5(CoT)": 1.0666666666666667
}