{
  "openai/gpt-5.2(CoT)": 1.0119999999999998,
  "anthropic/claude-sonnet-4.5(CoT)": 1.1146666666666665,
  "openai/gpt-4o-2024-05-13(CoT)": 1.16,
  "google/gemini-3-flash-preview(CoT)": 0.9613333333333333,
  "google/gemini-3-flash-preview(IO)": 0.9666666666666667,
  "qwen/qwen3-30b-a3b-instruct-2507(CoT)": 1.208
}