{
  "google/gemini-3-flash-preview(CoT)": 1.2511397715968,
  "anthropic/claude-sonnet-4.5(CoT)": 1.4256970891263998,
  "qwen/qwen3-30b-a3b-instruct-2507(CoT)": 1.6218974719999997,
  "google/gemini-3-flash-preview(IO)": 1.2509509697535999,
  "openai/gpt-4o-2024-05-13(CoT)": 1.6346467827712,
  "openai/gpt-5.2(CoT)": 1.3796758691839999
}