{
  "anthropic/claude-sonnet-4.5(CoT)": 0.0,
  "google/gemini-3-flash-preview(CoT)": 0.8333333333333334,
  "google/gemini-3-flash-preview(IO)": 0.0,
  "openai/gpt-4o-2024-05-13(CoT)": -0.08333333333333333,
  "openai/gpt-5.2(CoT)": -0.4166666666666667,
  "qwen/qwen3-30b-a3b-instruct-2507(CoT)": -0.3333333333333333
}