{
  "anthropic/claude-sonnet-4.5(CoT)": {
    "fitness": 1.0000000000000002,
    "final_population": 0.16666666666666666
  },
  "google/gemini-3-flash-preview(CoT)": {
    "fitness": 1.0000000000000002,
    "final_population": 0.16666666666666666
  },
  "google/gemini-3-flash-preview(IO)": {
    "fitness": 1.0000000000000002,
    "final_population": 0.16666666666666666
  },
  "openai/gpt-4o-2024-05-13(CoT)": {
    "fitness": 1.0000000000000002,
    "final_population": 0.16666666666666666
  },
  "openai/gpt-5.2(CoT)": {
    "fitness": 1.0000000000000002,
    "final_population": 0.16666666666666666
  },
  "qwen/qwen3-30b-a3b-instruct-2507(CoT)": {
    "fitness": 1.0000000000000002,
    "final_population": 0.16666666666666666
  }
}