{
  "google/gemini-3-flash-preview(CoT)": 6.815190722150399,
  "qwen/qwen3-30b-a3b-instruct-2507(CoT)": 7.106030786969599,
  "openai/gpt-4o-2024-05-13(CoT)": 5.31786589175808,
  "openai/gpt-5.2(CoT)": 7.2064691142656,
  "google/gemini-3-flash-preview(IO)": 6.183653048320001,
  "anthropic/claude-sonnet-4.5(CoT)": 8.40831721701376
}