{
  "google/gemini-3-flash-preview(CoT)": 1.7014254879539201,
  "google/gemini-3-flash-preview(IO)": 1.7314124634248536,
  "openai/gpt-5.2(CoT)": 1.6781101064465067,
  "openai/gpt-4o-2024-05-13(CoT)": 1.7932818363050664,
  "anthropic/claude-sonnet-4.5(CoT)": 1.7782899196996267,
  "qwen/qwen3-30b-a3b-instruct-2507(CoT)": 1.6386530629085867
}