{
  "anthropic/claude-sonnet-4.5(CoT)": -0.3871068977,
  "google/gemini-3-flash-preview(CoT)": -0.5149077516,
  "google/gemini-3-flash-preview(IO)": -0.4794922055,
  "openai/gpt-5.2(CoT)": -0.298462676,
  "openai/gpt-4o-2024-05-13(CoT)": -0.298462676,
  "qwen/qwen3-30b-a3b-instruct-2507(CoT)": -0.5230950521
}