{
  "anthropic/claude-sonnet-4.5(CoT)": {
    "fitness": 1.930469678462565,
    "final_population": 0.8175908270616655
  },
  "google/gemini-3-flash-preview(CoT)": {
    "fitness": 1.9139554612327991,
    "final_population": 0.001739403735522851
  },
  "google/gemini-3-flash-preview(IO)": {
    "fitness": 1.9226024419075212,
    "final_population": 0.041553069019540124
  },
  "openai/gpt-5.2(CoT)": {
    "fitness": 1.795796925922347,
    "final_population": 2.4769847652574637e-08
  },
  "openai/gpt-4o-2024-05-13(CoT)": {
    "fitness": 1.9205104713940593,
    "final_population": 0.03835538881445709
  },
  "qwen/qwen3-30b-a3b-instruct-2507(CoT)": {
    "fitness": 1.9453185051918511,
    "final_population": 0.10076128659896677
  }
}