{
  "anthropic/claude-sonnet-4.5(CoT)": {
    "fitness": 1.0734106609596754,
    "final_population": 2.1708422736800245e-41
  },
  "google/gemini-3-flash-preview(CoT)": {
    "fitness": 2.0,
    "final_population": 0.26835266523991885
  },
  "google/gemini-3-flash-preview(IO)": {
    "fitness": 2.0,
    "final_population": 0.4632946695201623
  },
  "openai/gpt-5.2(CoT)": {
    "fitness": 2.0,
    "final_population": 0.26835266523991885
  },
  "openai/gpt-4o-2024-05-13(CoT)": {
    "fitness": 4.3438010599703964e-41,
    "final_population": 9.785468460801e-88
  },
  "qwen/qwen3-30b-a3b-instruct-2507(CoT)": {
    "fitness": 1.0,
    "final_population": 1.41100840689838e-44
  }
}