{
  "anthropic/claude-sonnet-4.5(CoT)": -0.3728402752,
  "google/gemini-3-flash-preview(CoT)": -0.3227633891,
  "google/gemini-3-flash-preview(IO)": -0.2795354783,
  "openai/gpt-5.2(CoT)": -0.2795354783,
  "openai/gpt-4o-2024-05-13(CoT)": -0.3099258491,
  "qwen/qwen3-30b-a3b-instruct-2507(CoT)": -0.3033541497
}