{
  "anthropic/claude-sonnet-4.5(CoT)": -0.3448275862,
  "google/gemini-3-flash-preview(CoT)": -0.3448275862,
  "google/gemini-3-flash-preview(IO)": -0.3448275862,
  "openai/gpt-5.2(CoT)": -0.8620689655,
  "openai/gpt-4o-2024-05-13(CoT)": -0.3448275862,
  "qwen/qwen3-30b-a3b-instruct-2507(CoT)": -1.2068965517
}