{
  "anthropic/claude-sonnet-4.5(CoT)": {
    "fitness": -0.26818424959001336,
    "final_population": 6.029488704657391e-13
  },
  "google/gemini-3-flash-preview(CoT)": {
    "fitness": -0.5754191319403392,
    "final_population": 6.869022214208318e-26
  },
  "google/gemini-3-flash-preview(IO)": {
    "fitness": 2.1325891271186693e-25,
    "final_population": 0.5754191319403392
  },
  "openai/gpt-4o-2024-05-13(CoT)": {
    "fitness": -0.5754191319397363,
    "final_population": 1.4456869056978374e-25
  },
  "openai/gpt-5.2(CoT)": {
    "fitness": 6.029488704657391e-13,
    "final_population": 0.34638255882453556
  },
  "qwen/qwen3-30b-a3b-instruct-2507(CoT)": {
    "fitness": -6.029488704657391e-13,
    "final_population": 0.07819830923452221
  }
}