{
  "anthropic/claude-sonnet-4.5(CoT)": {
    "fitness": 4.999999999999998,
    "final_population": 0.2651708767076297
  },
  "google/gemini-3-flash-preview(CoT)": {
    "fitness": 4.999999999999998,
    "final_population": 0.1709204332181246
  },
  "google/gemini-3-flash-preview(IO)": {
    "fitness": 4.999999999999998,
    "final_population": 0.1660719865023268
  },
  "openai/gpt-5.2(CoT)": {
    "fitness": 4.999999999999998,
    "final_population": 0.13266582686428915
  },
  "openai/gpt-4o-2024-05-13(CoT)": {
    "fitness": 4.618322276349864,
    "final_population": 3.3497699817805703e-18
  },
  "qwen/qwen3-30b-a3b-instruct-2507(CoT)": {
    "fitness": 4.999999999999998,
    "final_population": 0.2651708767076297
  }
}