{
  "anthropic/claude-sonnet-4.5(CoT)": {
    "fitness": 2.0000000000000004,
    "final_population": 0.5004507170072403
  },
  "google/gemini-3-flash-preview(CoT)": {
    "fitness": 1.9791153954453422,
    "final_population": 0.007860385297438852
  },
  "google/gemini-3-flash-preview(IO)": {
    "fitness": 2.0000000000000004,
    "final_population": 0.4499196885860049
  },
  "openai/gpt-5.2(CoT)": {
    "fitness": 1.9960698073512808,
    "final_population": 0.04176920910931613
  },
  "openai/gpt-4o-2024-05-13(CoT)": {
    "fitness": 0.7576350267938189,
    "final_population": 1.0028173449640634e-52
  },
  "qwen/qwen3-30b-a3b-instruct-2507(CoT)": {
    "fitness": 1.4747344857893827,
    "final_population": 7.130828643744318e-24
  }
}