{
  "google/gemini-3-flash-preview(CoT)": 1.4027777777777777,
  "google/gemini-3-flash-preview(IO)": 1.4953703703703705,
  "openai/gpt-5.2(CoT)": 1.4814814814814814,
  "openai/gpt-4o-2024-05-13(CoT)": 1.2685185185185186,
  "anthropic/claude-sonnet-4.5(CoT)": 1.4583333333333333,
  "qwen/qwen3-30b-a3b-instruct-2507(CoT)": 1.4907407407407407
}