{
  "anthropic/claude-sonnet-4.5(CoT)": 1.3333333333333333,
  "google/gemini-3-flash-preview(CoT)": 1.0,
  "google/gemini-3-flash-preview(IO)": 1.1666666666666667,
  "openai/gpt-4o-2024-05-13(CoT)": 0.6666666666666666,
  "openai/gpt-5.2(CoT)": 1.1666666666666667,
  "qwen/qwen3-30b-a3b-instruct-2507(CoT)": 1.1666666666666667
}