{
  "anthropic/claude-sonnet-4.5(CoT)": {
    "fitness": 1.000000000000092,
    "final_population": 0.6014043314625356
  },
  "google/gemini-3-flash-preview(CoT)": {
    "fitness": 1.0,
    "final_population": 0.10165172854323123
  },
  "google/gemini-3-flash-preview(IO)": {
    "fitness": 1.0,
    "final_population": 0.1484719699970706
  },
  "openai/gpt-5.2(CoT)": {
    "fitness": 1.0,
    "final_population": 0.1484719699970706
  },
  "openai/gpt-4o-2024-05-13(CoT)": {
    "fitness": 0.5508258642716156,
    "final_population": 4.376708479958251e-21
  },
  "qwen/qwen3-30b-a3b-instruct-2507(CoT)": {
    "fitness": 0.6992978342687782,
    "final_population": 9.199653718263676e-14
  }
}