{
  "anthropic/claude-sonnet-4.5(CoT)": {
    "fitness": 1.0,
    "final_population": 0.3123324447007596
  },
  "google/gemini-3-flash-preview(CoT)": {
    "fitness": 0.8123324451994851,
    "final_population": 9.974511394862065e-10
  },
  "google/gemini-3-flash-preview(IO)": {
    "fitness": 1.0000000009974512,
    "final_population": 0.2138848921977888
  },
  "openai/gpt-5.2(CoT)": {
    "fitness": 1.0,
    "final_population": 0.3123324447007596
  },
  "openai/gpt-4o-2024-05-13(CoT)": {
    "fitness": 0.5367853280017216,
    "final_population": 2.0798435792422983e-21
  },
  "qwen/qwen3-30b-a3b-instruct-2507(CoT)": {
    "fitness": 1.0000000009974512,
    "final_population": 0.16145021740324084
  }
}