{
  "anthropic/claude-sonnet-4.5(CoT)": {
    "fitness": 1.493501615076194,
    "final_population": 0.11391900336364238
  },
  "google/gemini-3-flash-preview(CoT)": {
    "fitness": 1.4991616765355527,
    "final_population": 0.3235238947135724
  },
  "google/gemini-3-flash-preview(IO)": {
    "fitness": 1.4999807697240295,
    "final_population": 0.5549617440951661
  },
  "openai/gpt-5.2(CoT)": {
    "fitness": 1.477789843008763,
    "final_population": 0.007595356579848295
  },
  "openai/gpt-4o-2024-05-13(CoT)": {
    "fitness": 1.2873736447836959,
    "final_population": 1.0652600750820305e-11
  },
  "qwen/qwen3-30b-a3b-instruct-2507(CoT)": {
    "fitness": 1.30869775212832,
    "final_population": 1.2371180337521987e-09
  }
}