{
  "google/gemini-3-flash-preview(CoT)": 7.666666666666667,
  "google/gemini-3-flash-preview(IO)": 10.333333333333334,
  "openai/gpt-5.2(CoT)": 11.166666666666666,
  "openai/gpt-4o-2024-05-13(CoT)": 6.166666666666667,
  "anthropic/claude-sonnet-4.5(CoT)": 9.166666666666666,
  "qwen/qwen3-30b-a3b-instruct-2507(CoT)": 7.5
}