{
  "anthropic/claude-sonnet-4.5(CoT)": {
    "fitness": 10.0,
    "final_population": 0.17566580712720478
  },
  "google/gemini-3-flash-preview(CoT)": {
    "fitness": 7.400740631226193,
    "final_population": 6.171184061678628e-114
  },
  "google/gemini-3-flash-preview(IO)": {
    "fitness": 10.0,
    "final_population": 0.3044823191180337
  },
  "openai/gpt-4o-2024-05-13(CoT)": {
    "fitness": 5.878329035636025,
    "final_population": 3.1052183356393254e-180
  },
  "openai/gpt-5.2(CoT)": {
    "fitness": 10.0,
    "final_population": 0.5198518737547616
  },
  "qwen/qwen3-30b-a3b-instruct-2507(CoT)": {
    "fitness": 8.40532645701764,
    "final_population": 1.1179141157100213e-70
  }
}