{
  "google/gemini-3-flash-preview(IO)": 8.134729924608,
  "qwen/qwen3-30b-a3b-instruct-2507(CoT)": 7.540556799999999,
  "openai/gpt-4o-2024-05-13(CoT)": 6.4881607024640005,
  "anthropic/claude-sonnet-4.5(CoT)": 7.2215581024256,
  "openai/gpt-5.2(CoT)": 7.371268266393599,
  "google/gemini-3-flash-preview(CoT)": 6.818110062592
}