{
  "anthropic/claude-sonnet-4.5(CoT)": 2.0833333333333335,
  "google/gemini-3-flash-preview(CoT)": 1.8333333333333333,
  "google/gemini-3-flash-preview(IO)": 2.0833333333333335,
  "openai/gpt-4o-2024-05-13(CoT)": 1.0833333333333333,
  "openai/gpt-5.2(CoT)": 1.9166666666666667,
  "qwen/qwen3-30b-a3b-instruct-2507(CoT)": 1.5
}